Barcode, Error Message, Error Block, 
39097014524202, Request failed with status code 400, Loop, 
39097014542428, Request failed with status code 400, Loop, 
39097014542436, Request failed with status code 400, Loop, 
39097014542444, Request failed with status code 400, Loop, 
39097014542451, Request failed with status code 400, Loop, 
39097014542469, Request failed with status code 400, Loop, 
39097014542477, Request failed with status code 400, Loop, 
39097014542485, Request failed with status code 400, Loop, 
39097014542493, Request failed with status code 400, Loop, 
39097014542501, Request failed with status code 400, Loop, 
39097014542519, Request failed with status code 400, Loop, 
39097014542527, Request failed with status code 400, Loop, 
39097014542535, Request failed with status code 400, Loop, 
39097014542543, Request failed with status code 400, Loop, 
39097014542550, Request failed with status code 400, Loop, 
39097014542568, Request failed with status code 400, Loop, 
39097014542576, Request failed with status code 400, Loop, 
39097014542584, Request failed with status code 400, Loop, 
39097014542592, Request failed with status code 400, Loop, 
39097014542600, Request failed with status code 400, Loop, 
39097014542618, Request failed with status code 400, Loop, 
39097014541214, Request failed with status code 400, Loop, 
39097014542410, Request failed with status code 400, Loop, 
39097014541248, Request failed with status code 400, Loop, 
39097014541362, Request failed with status code 400, Loop, 
39097014541354, Request failed with status code 400, Loop, 
39097014541230, Request failed with status code 400, Loop, 
39097014540190, Request failed with status code 400, Loop, 
39097014540208, Request failed with status code 400, Loop, 
39097014540216, Request failed with status code 400, Loop, 
39097014540224, Request failed with status code 400, Loop, 
39097014540232, Request failed with status code 400, Loop, 
39097014540240, Request failed with status code 400, Loop, 
39097014540257, Request failed with status code 400, Loop, 
39097014540265, Request failed with status code 400, Loop, 
39097014540273, Request failed with status code 400, Loop, 
39097014540281, Request failed with status code 400, Loop, 
39097014540299, Request failed with status code 400, Loop, 
39097014543913, Request failed with status code 400, Loop, 
39097014540844, Request failed with status code 400, Loop, 
39097014540836, Request failed with status code 400, Loop, 
39097014540828, Request failed with status code 400, Loop, 
39097014540810, Request failed with status code 400, Loop, 
39097014540802, Request failed with status code 400, Loop, 
39097014540794, Request failed with status code 400, Loop, 
39097014540786, Request failed with status code 400, Loop, 
39097014540455, Request failed with status code 400, Loop, 
39097014540448, Request failed with status code 400, Loop, 
39097014540430, Request failed with status code 400, Loop, 
39097014540422, Request failed with status code 400, Loop, 
39097014540414, Request failed with status code 400, Loop, 
39097014540406, Request failed with status code 400, Loop, 
39097014540398, Request failed with status code 400, Loop, 
39097014540380, Request failed with status code 400, Loop, 
39097014540372, Request failed with status code 400, Loop, 
39097014540497, Request failed with status code 400, Loop, 
39097014540505, Request failed with status code 400, Loop, 
39097014540513, Request failed with status code 400, Loop, 
39097014540778, Request failed with status code 400, Loop, 
39097014540554, Request failed with status code 400, Loop, 
39097014540562, Request failed with status code 400, Loop, 
39097014540570, Request failed with status code 400, Loop, 
39097014540588, Request failed with status code 400, Loop, 
39097014540596, Request failed with status code 400, Loop, 
39097014540604, Request failed with status code 400, Loop, 
39097014540968, Request failed with status code 400, Loop, 
39097014540950, Request failed with status code 400, Loop, 
39097014540943, Request failed with status code 400, Loop, 
39097014540935, Request failed with status code 400, Loop, 
39097014540927, Request failed with status code 400, Loop, 
39097014541081, Request failed with status code 400, Loop, 
39097014541073, Request failed with status code 400, Loop, 
39097014541065, Request failed with status code 400, Loop, 
39097014541057, Request failed with status code 400, Loop, 
39097014541040, Request failed with status code 400, Loop, 
39097014541032, Request failed with status code 400, Loop, 
39097014541024, Request failed with status code 400, Loop, 
39097014541016, Request failed with status code 400, Loop, 
39097014541008, Request failed with status code 400, Loop, 
39097014540992, Request failed with status code 400, Loop, 
39097014540984, Request failed with status code 400, Loop, 
39097014540976, Request failed with status code 400, Loop, 
39097014541206, Request failed with status code 400, Loop, 
39097014541198, Request failed with status code 400, Loop, 
39097014541180, Request failed with status code 400, Loop, 
39097014541172, Request failed with status code 400, Loop, 
39097014541164, Request failed with status code 400, Loop, 
39097014541156, Request failed with status code 400, Loop, 
39097014541149, Request failed with status code 400, Loop, 
39097014541131, Request failed with status code 400, Loop, 
39097014541123, Request failed with status code 400, Loop, 
39097014541115, Request failed with status code 400, Loop, 
39097014541107, Request failed with status code 400, Loop, 
39097014541099, Request failed with status code 400, Loop, 
39097014541321, Request failed with status code 400, Loop, 
39097014541446, Request failed with status code 400, Loop, 
39097014541560, Request failed with status code 400, Loop, 
39097014541313, Request failed with status code 400, Loop, 
39097014541305, Request failed with status code 400, Loop, 
39097014541297, Request failed with status code 400, Loop, 
39097014541289, Request failed with status code 400, Loop, 
39097014541685, Request failed with status code 400, Loop, 
39097014541800, Request failed with status code 400, Loop, 
39097014541438, Request failed with status code 400, Loop, 
39097014541420, Request failed with status code 400, Loop, 
39097014541412, Request failed with status code 400, Loop, 
39097014541404, Request failed with status code 400, Loop, 
39097014541396, Request failed with status code 400, Loop, 
39097014541388, Request failed with status code 400, Loop, 
39097014541370, Request failed with status code 400, Loop, 
39097014541255, Request failed with status code 400, Loop, 
39097014541347, Request failed with status code 400, Loop, 
39097014541552, Request failed with status code 400, Loop, 
39097014541339, Request failed with status code 400, Loop, 
39097014541453, Request failed with status code 400, Loop, 
39097014541461, Request failed with status code 400, Loop, 
39097014541479, Request failed with status code 400, Loop, 
39097014541487, Request failed with status code 400, Loop, 
39097014541495, Request failed with status code 400, Loop, 
39097014541503, Request failed with status code 400, Loop, 
39097014541511, Request failed with status code 400, Loop, 
39097014541529, Request failed with status code 400, Loop, 
39097014541537, Request failed with status code 400, Loop, 
39097014541545, Request failed with status code 400, Loop, 
39097014541594, Request failed with status code 400, Loop, 
39097014541610, Request failed with status code 400, Loop, 
39097014541677, Request failed with status code 400, Loop, 
39097014541792, Request failed with status code 400, Loop, 
39097014541784, Request failed with status code 400, Loop, 
39097014541651, Request failed with status code 400, Loop, 
39097014541776, Request failed with status code 400, Loop, 
39097014541768, Request failed with status code 400, Loop, 
39097013156956, Request failed with status code 400, Loop, 
39097014541719, Request failed with status code 400, Loop, 
39097014541743, Request failed with status code 400, Loop, 
39097014548425, Request failed with status code 400, Loop, 
39097014548433, Request failed with status code 400, Loop, 
39097014548441, Request failed with status code 400, Loop, 
39097014548458, Request failed with status code 400, Loop, 
39097014548490, Request failed with status code 400, Loop, 
39097014548508, Request failed with status code 400, Loop, 
39097014548524, Request failed with status code 400, Loop, 
39097014548532, Request failed with status code 400, Loop, 
39097014548540, Request failed with status code 400, Loop, 
39097014548557, Request failed with status code 400, Loop, 
39097014548573, Request failed with status code 400, Loop, 
39097014548599, Request failed with status code 400, Loop, 
39097014548607, Request failed with status code 400, Loop, 
39097014548615, Request failed with status code 400, Loop, 
39097014548623, Request failed with status code 400, Loop, 
39097014548649, Request failed with status code 400, Loop, 
39097014548656, Request failed with status code 400, Loop, 
39097014548664, Request failed with status code 400, Loop, 
39097014548672, Request failed with status code 400, Loop, 
39097014548698, Request failed with status code 400, Loop, 
39097014548706, Request failed with status code 400, Loop, 
39097014548714, Request failed with status code 400, Loop, 
39097014548730, Request failed with status code 400, Loop, 
39097014548748, Request failed with status code 400, Loop, 
39097014548755, Request failed with status code 400, Loop, 
39097014548763, Request failed with status code 400, Loop, 
39097014548789, Request failed with status code 400, Loop, 
39097014548920, Request failed with status code 400, Loop, 
39097014548995, Request failed with status code 400, Loop, 
39097014549001, Request failed with status code 400, Loop, 
39097014541834, Request failed with status code 400, Loop, 
39097014541842, Request failed with status code 400, Loop, 
39097014541859, Request failed with status code 400, Loop, 
39097014541867, Request failed with status code 400, Loop, 
39097014541875, Request failed with status code 400, Loop, 
39097014541883, Request failed with status code 400, Loop, 
39097014541891, Request failed with status code 400, Loop, 
39097014541909, Request failed with status code 400, Loop, 
39097014541917, Request failed with status code 400, Loop, 
39097014541925, Request failed with status code 400, Loop, 
39097014541933, Request failed with status code 400, Loop, 
39097014541941, Request failed with status code 400, Loop, 
39097014541958, Request failed with status code 400, Loop, 
39097014541966, Request failed with status code 400, Loop, 
39097014541974, Request failed with status code 400, Loop, 
39097014541982, Request failed with status code 400, Loop, 
39097014541990, Request failed with status code 400, Loop, 
39097014416573, Request failed with status code 400, Loop, 
